target_title,target_url,query
"Concessions hydroélectriques - Domaines concédés - en Provence Alpes Côte d'Azur",https://trouver.datasud.fr/dataset/synce44da5b-fr-120066022-jdd-58fa0f8a-fa62-4e33-a840-c4b701a19929,barrages
"Concessions hydroélectriques - Domaines concédés - en Provence Alpes Côte d'Azur",https://trouver.datasud.fr/dataset/synce44da5b-fr-120066022-jdd-58fa0f8a-fa62-4e33-a840-c4b701a19929,concession
"Concessions hydroélectriques - Domaines concédés - en Provence Alpes Côte d'Azur",https://trouver.datasud.fr/dataset/synce44da5b-fr-120066022-jdd-58fa0f8a-fa62-4e33-a840-c4b701a19929,hydro
"Concessions hydroélectriques - Domaines concédés - en Provence Alpes Côte d'Azur",https://trouver.datasud.fr/dataset/synce44da5b-fr-120066022-jdd-58fa0f8a-fa62-4e33-a840-c4b701a19929,lac artificiel
"Concessions hydroélectriques - Domaines concédés - en Provence Alpes Côte d'Azur",https://trouver.datasud.fr/dataset/synce44da5b-fr-120066022-jdd-58fa0f8a-fa62-4e33-a840-c4b701a19929,hydroélectricité
"Concessions hydroélectriques - Domaines concédés - en Provence Alpes Côte d'Azur",https://trouver.datasud.fr/dataset/synce44da5b-fr-120066022-jdd-58fa0f8a-fa62-4e33-a840-c4b701a19929,aménagement hydroélectrique
"Concessions hydroélectriques - Domaines concédés - en Provence Alpes Côte d'Azur",https://trouver.datasud.fr/dataset/synce44da5b-fr-120066022-jdd-58fa0f8a-fa62-4e33-a840-c4b701a19929,production électrique
"Concessions hydroélectriques - Domaines concédés - en Provence Alpes Côte d'Azur",https://trouver.datasud.fr/dataset/synce44da5b-fr-120066022-jdd-58fa0f8a-fa62-4e33-a840-c4b701a19929,centrales hydroélectriques
"Concessions hydroélectriques - Domaines concédés - en Provence Alpes Côte d'Azur",https://trouver.datasud.fr/dataset/synce44da5b-fr-120066022-jdd-58fa0f8a-fa62-4e33-a840-c4b701a19929,centrales hydrauliques
"Concessions hydroélectriques - Domaines concédés - en Provence Alpes Côte d'Azur",https://trouver.datasud.fr/dataset/synce44da5b-fr-120066022-jdd-58fa0f8a-fa62-4e33-a840-c4b701a19929,barrages hydroélectriques
"Stations de surveillance de la qualité des eaux du Réseau de Contrôle de Surveillance (RCS) en Provence Alpes Côte d'Azur",https://trouver.datasud.fr/dataset/synce3511ae-fr-120066022-jdd-b25fcad6-acdd-4dd2-9551-95565e0c9097,qualité de l'eau
"Stations de surveillance de la qualité des eaux du Réseau de Contrôle de Surveillance (RCS) en Provence Alpes Côte d'Azur",https://trouver.datasud.fr/dataset/synce3511ae-fr-120066022-jdd-b25fcad6-acdd-4dd2-9551-95565e0c9097,pollution de l'eau
"Stations de surveillance de la qualité des eaux du Réseau de Contrôle de Surveillance (RCS) en Provence Alpes Côte d'Azur",https://trouver.datasud.fr/dataset/synce3511ae-fr-120066022-jdd-b25fcad6-acdd-4dd2-9551-95565e0c9097,station de contrôle de la qualité de l'eau
"Stations de surveillance de la qualité des eaux du Réseau de Contrôle de Surveillance (RCS) en Provence Alpes Côte d'Azur",https://trouver.datasud.fr/dataset/synce3511ae-fr-120066022-jdd-b25fcad6-acdd-4dd2-9551-95565e0c9097,état nappes phréatiques
"Stations de surveillance de la qualité des eaux du Réseau de Contrôle de Surveillance (RCS) en Provence Alpes Côte d'Azur",https://trouver.datasud.fr/dataset/synce3511ae-fr-120066022-jdd-b25fcad6-acdd-4dd2-9551-95565e0c9097,contrôle de la qualité de l'eau
"Stations de surveillance de la qualité des eaux du Réseau de Contrôle de Surveillance (RCS) en Provence Alpes Côte d'Azur",https://trouver.datasud.fr/dataset/synce3511ae-fr-120066022-jdd-b25fcad6-acdd-4dd2-9551-95565e0c9097,surveillance de la qualité de l'eau
"Stations de surveillance de la qualité des eaux du Réseau de Contrôle de Surveillance (RCS) en Provence Alpes Côte d'Azur",https://trouver.datasud.fr/dataset/synce3511ae-fr-120066022-jdd-b25fcad6-acdd-4dd2-9551-95565e0c9097,données de l'eau
"Stations de surveillance de la qualité des eaux du Réseau de Contrôle de Surveillance (RCS) en Provence Alpes Côte d'Azur",https://trouver.datasud.fr/dataset/synce3511ae-fr-120066022-jdd-b25fcad6-acdd-4dd2-9551-95565e0c9097,test de la qualité de l'eau
"Stations de surveillance de la qualité des eaux du Réseau de Contrôle de Surveillance (RCS) en Provence Alpes Côte d'Azur",https://trouver.datasud.fr/dataset/synce3511ae-fr-120066022-jdd-b25fcad6-acdd-4dd2-9551-95565e0c9097,eau potable
"Stations de surveillance de la qualité des eaux du Réseau de Contrôle de Surveillance (RCS) en Provence Alpes Côte d'Azur",https://trouver.datasud.fr/dataset/synce3511ae-fr-120066022-jdd-b25fcad6-acdd-4dd2-9551-95565e0c9097,surveillance sécheresse
"Sites classés à l'UNESCO en Provence Alpes Côte d'Azur",https://trouver.datasud.fr/dataset/sync0e8702a-fr-120066022-jdd-9730163a-adee-49ea-9cd3-17a97b04c406,patrimoine mondial
"Sites classés à l'UNESCO en Provence Alpes Côte d'Azur",https://trouver.datasud.fr/dataset/sync0e8702a-fr-120066022-jdd-9730163a-adee-49ea-9cd3-17a97b04c406,sites classés unesco
"Sites classés à l'UNESCO en Provence Alpes Côte d'Azur",https://trouver.datasud.fr/dataset/sync0e8702a-fr-120066022-jdd-9730163a-adee-49ea-9cd3-17a97b04c406,héritage culturel
"Sites classés à l'UNESCO en Provence Alpes Côte d'Azur",https://trouver.datasud.fr/dataset/sync0e8702a-fr-120066022-jdd-9730163a-adee-49ea-9cd3-17a97b04c406,monuments remarquables
"Sites classés à l'UNESCO en Provence Alpes Côte d'Azur",https://trouver.datasud.fr/dataset/sync0e8702a-fr-120066022-jdd-9730163a-adee-49ea-9cd3-17a97b04c406,sites naturels remarquables
"Sites classés à l'UNESCO en Provence Alpes Côte d'Azur",https://trouver.datasud.fr/dataset/sync0e8702a-fr-120066022-jdd-9730163a-adee-49ea-9cd3-17a97b04c406,unesco
"Sites classés à l'UNESCO en Provence Alpes Côte d'Azur",https://trouver.datasud.fr/dataset/sync0e8702a-fr-120066022-jdd-9730163a-adee-49ea-9cd3-17a97b04c406,sites historiques protégés
"Sites classés à l'UNESCO en Provence Alpes Côte d'Azur",https://trouver.datasud.fr/dataset/sync0e8702a-fr-120066022-jdd-9730163a-adee-49ea-9cd3-17a97b04c406,biens culturels
"Sites classés à l'UNESCO en Provence Alpes Côte d'Azur",https://trouver.datasud.fr/dataset/sync0e8702a-fr-120066022-jdd-9730163a-adee-49ea-9cd3-17a97b04c406,protection du patrimoine
"Sites classés à l'UNESCO en Provence Alpes Côte d'Azur",https://trouver.datasud.fr/dataset/sync0e8702a-fr-120066022-jdd-9730163a-adee-49ea-9cd3-17a97b04c406,lieux remarquables en paca
"Parcs Photovoltaïques en Provence Alpes Côte d'Azur (Permis Etat)",https://trouver.datasud.fr/dataset/sync67249da-fr-120066022-jdd-afc3a755-4597-4d3b-a258-8bf03b7bae8b,énergie photovoltaïque
"Parcs Photovoltaïques en Provence Alpes Côte d'Azur (Permis Etat)",https://trouver.datasud.fr/dataset/sync67249da-fr-120066022-jdd-afc3a755-4597-4d3b-a258-8bf03b7bae8b,parc photovoltaïque
"Parcs Photovoltaïques en Provence Alpes Côte d'Azur (Permis Etat)",https://trouver.datasud.fr/dataset/sync67249da-fr-120066022-jdd-afc3a755-4597-4d3b-a258-8bf03b7bae8b,panneaux solaires
"Parcs Photovoltaïques en Provence Alpes Côte d'Azur (Permis Etat)",https://trouver.datasud.fr/dataset/sync67249da-fr-120066022-jdd-afc3a755-4597-4d3b-a258-8bf03b7bae8b,énergie solaire
"Parcs Photovoltaïques en Provence Alpes Côte d'Azur (Permis Etat)",https://trouver.datasud.fr/dataset/sync67249da-fr-120066022-jdd-afc3a755-4597-4d3b-a258-8bf03b7bae8b,carte des installations photovoltaïques
"Parcs Photovoltaïques en Provence Alpes Côte d'Azur (Permis Etat)",https://trouver.datasud.fr/dataset/sync67249da-fr-120066022-jdd-afc3a755-4597-4d3b-a258-8bf03b7bae8b,production d'énergies renouvelables
"Parcs Photovoltaïques en Provence Alpes Côte d'Azur (Permis Etat)",https://trouver.datasud.fr/dataset/sync67249da-fr-120066022-jdd-afc3a755-4597-4d3b-a258-8bf03b7bae8b,production d'énergie solaire
"Parcs Photovoltaïques en Provence Alpes Côte d'Azur (Permis Etat)",https://trouver.datasud.fr/dataset/sync67249da-fr-120066022-jdd-afc3a755-4597-4d3b-a258-8bf03b7bae8b,fermes solaires
"Parcs Photovoltaïques en Provence Alpes Côte d'Azur (Permis Etat)",https://trouver.datasud.fr/dataset/sync67249da-fr-120066022-jdd-afc3a755-4597-4d3b-a258-8bf03b7bae8b,production d'électricité solaire
"Parcs Photovoltaïques en Provence Alpes Côte d'Azur (Permis Etat)",https://trouver.datasud.fr/dataset/sync67249da-fr-120066022-jdd-afc3a755-4597-4d3b-a258-8bf03b7bae8b,production d'électricité photovoltaïque
"Réglementation Local de Publicité (RLP) en Provence Alpes Côte d'Azur",https://trouver.datasud.fr/dataset/synccca2990-fr-120066022-jdd-fa70f4ff-9bc6-41a4-bc14-d93665d96d86,panneaux publicitaires
"Réglementation Local de Publicité (RLP) en Provence Alpes Côte d'Azur",https://trouver.datasud.fr/dataset/synccca2990-fr-120066022-jdd-fa70f4ff-9bc6-41a4-bc14-d93665d96d86,pub
"Réglementation Local de Publicité (RLP) en Provence Alpes Côte d'Azur",https://trouver.datasud.fr/dataset/synccca2990-fr-120066022-jdd-fa70f4ff-9bc6-41a4-bc14-d93665d96d86,affichage publicitaire
"Réglementation Local de Publicité (RLP) en Provence Alpes Côte d'Azur",https://trouver.datasud.fr/dataset/synccca2990-fr-120066022-jdd-fa70f4ff-9bc6-41a4-bc14-d93665d96d86,enseignes publicitaires
"Réglementation Local de Publicité (RLP) en Provence Alpes Côte d'Azur",https://trouver.datasud.fr/dataset/synccca2990-fr-120066022-jdd-fa70f4ff-9bc6-41a4-bc14-d93665d96d86,publicité
"Réglementation Local de Publicité (RLP) en Provence Alpes Côte d'Azur",https://trouver.datasud.fr/dataset/synccca2990-fr-120066022-jdd-fa70f4ff-9bc6-41a4-bc14-d93665d96d86,autorisation publicité
"Réglementation Local de Publicité (RLP) en Provence Alpes Côte d'Azur",https://trouver.datasud.fr/dataset/synccca2990-fr-120066022-jdd-fa70f4ff-9bc6-41a4-bc14-d93665d96d86,campagne d'affichage
"Réglementation Local de Publicité (RLP) en Provence Alpes Côte d'Azur",https://trouver.datasud.fr/dataset/synccca2990-fr-120066022-jdd-fa70f4ff-9bc6-41a4-bc14-d93665d96d86,publicité en ville
"Réglementation Local de Publicité (RLP) en Provence Alpes Côte d'Azur",https://trouver.datasud.fr/dataset/synccca2990-fr-120066022-jdd-fa70f4ff-9bc6-41a4-bc14-d93665d96d86,affichage interdit
"Réglementation Local de Publicité (RLP) en Provence Alpes Côte d'Azur",https://trouver.datasud.fr/dataset/synccca2990-fr-120066022-jdd-fa70f4ff-9bc6-41a4-bc14-d93665d96d86,interdiction publicité
"Installations Classées pour la Protection de l'Environnement (ICPE) prioritaires en Provence Alpes Côte d'Azur",https://trouver.datasud.fr/dataset/sync22dd020-fr-120066022-jdd-7c9f618a-634a-4262-87bc-a0e6f7976ce0,usines polluantes
"Installations Classées pour la Protection de l'Environnement (ICPE) prioritaires en Provence Alpes Côte d'Azur",https://trouver.datasud.fr/dataset/sync22dd020-fr-120066022-jdd-7c9f618a-634a-4262-87bc-a0e6f7976ce0,site industriel
"Installations Classées pour la Protection de l'Environnement (ICPE) prioritaires en Provence Alpes Côte d'Azur",https://trouver.datasud.fr/dataset/sync22dd020-fr-120066022-jdd-7c9f618a-634a-4262-87bc-a0e6f7976ce0,risque industriel
"Installations Classées pour la Protection de l'Environnement (ICPE) prioritaires en Provence Alpes Côte d'Azur",https://trouver.datasud.fr/dataset/sync22dd020-fr-120066022-jdd-7c9f618a-634a-4262-87bc-a0e6f7976ce0,site seveso
"Installations Classées pour la Protection de l'Environnement (ICPE) prioritaires en Provence Alpes Côte d'Azur",https://trouver.datasud.fr/dataset/sync22dd020-fr-120066022-jdd-7c9f618a-634a-4262-87bc-a0e6f7976ce0,sites industriels sensibles
"Installations Classées pour la Protection de l'Environnement (ICPE) prioritaires en Provence Alpes Côte d'Azur",https://trouver.datasud.fr/dataset/sync22dd020-fr-120066022-jdd-7c9f618a-634a-4262-87bc-a0e6f7976ce0,site industriel nuisances sonores
"Installations Classées pour la Protection de l'Environnement (ICPE) prioritaires en Provence Alpes Côte d'Azur",https://trouver.datasud.fr/dataset/sync22dd020-fr-120066022-jdd-7c9f618a-634a-4262-87bc-a0e6f7976ce0,installations industrielles classées
"Installations Classées pour la Protection de l'Environnement (ICPE) prioritaires en Provence Alpes Côte d'Azur",https://trouver.datasud.fr/dataset/sync22dd020-fr-120066022-jdd-7c9f618a-634a-4262-87bc-a0e6f7976ce0,demande d'autorisation site industriel
"Installations Classées pour la Protection de l'Environnement (ICPE) prioritaires en Provence Alpes Côte d'Azur",https://trouver.datasud.fr/dataset/sync22dd020-fr-120066022-jdd-7c9f618a-634a-4262-87bc-a0e6f7976ce0,industrie impact environnemental
"Installations Classées pour la Protection de l'Environnement (ICPE) prioritaires en Provence Alpes Côte d'Azur",https://trouver.datasud.fr/dataset/sync22dd020-fr-120066022-jdd-7c9f618a-634a-4262-87bc-a0e6f7976ce0,agriculture pollution
"Zone Inondable - Atlas validé - en Provence Alpes Côte d'Azur",https://trouver.datasud.fr/dataset/sync3e0e520-fr-120066022-jdd-8717d0fc-af90-4034-b769-ef658603419e,inondations
"Zone Inondable - Atlas validé - en Provence Alpes Côte d'Azur",https://trouver.datasud.fr/dataset/sync3e0e520-fr-120066022-jdd-8717d0fc-af90-4034-b769-ef658603419e,zones inondables
"Zone Inondable - Atlas validé - en Provence Alpes Côte d'Azur",https://trouver.datasud.fr/dataset/sync3e0e520-fr-120066022-jdd-8717d0fc-af90-4034-b769-ef658603419e,construction risque d'inondation
"Zone Inondable - Atlas validé - en Provence Alpes Côte d'Azur",https://trouver.datasud.fr/dataset/sync3e0e520-fr-120066022-jdd-8717d0fc-af90-4034-b769-ef658603419e,sites construits en zone inondable
"Zone Inondable - Atlas validé - en Provence Alpes Côte d'Azur",https://trouver.datasud.fr/dataset/sync3e0e520-fr-120066022-jdd-8717d0fc-af90-4034-b769-ef658603419e,risques naturels
"Zone Inondable - Atlas validé - en Provence Alpes Côte d'Azur",https://trouver.datasud.fr/dataset/sync3e0e520-fr-120066022-jdd-8717d0fc-af90-4034-b769-ef658603419e,terrain inondable
"Zone Inondable - Atlas validé - en Provence Alpes Côte d'Azur",https://trouver.datasud.fr/dataset/sync3e0e520-fr-120066022-jdd-8717d0fc-af90-4034-b769-ef658603419e,zones blanches inondation
"Zone Inondable - Atlas validé - en Provence Alpes Côte d'Azur",https://trouver.datasud.fr/dataset/sync3e0e520-fr-120066022-jdd-8717d0fc-af90-4034-b769-ef658603419e,risque crues paca
"Zone Inondable - Atlas validé - en Provence Alpes Côte d'Azur",https://trouver.datasud.fr/dataset/sync3e0e520-fr-120066022-jdd-8717d0fc-af90-4034-b769-ef658603419e,risque ruissellement terrain
"Zone Inondable - Atlas validé - en Provence Alpes Côte d'Azur",https://trouver.datasud.fr/dataset/sync3e0e520-fr-120066022-jdd-8717d0fc-af90-4034-b769-ef658603419e,débordements fleuves
"Sismicité en Provence Alpes Côte d'Azur",https://trouver.datasud.fr/dataset/syncc6f8cb9-fr-120066022-jdd-08a893d2-b677-4e91-bf65-40dafefcd33f,tremblements de terre
"Sismicité en Provence Alpes Côte d'Azur",https://trouver.datasud.fr/dataset/syncc6f8cb9-fr-120066022-jdd-08a893d2-b677-4e91-bf65-40dafefcd33f,risque sismique
"Sismicité en Provence Alpes Côte d'Azur",https://trouver.datasud.fr/dataset/syncc6f8cb9-fr-120066022-jdd-08a893d2-b677-4e91-bf65-40dafefcd33f,construction terrain instable
"Sismicité en Provence Alpes Côte d'Azur",https://trouver.datasud.fr/dataset/syncc6f8cb9-fr-120066022-jdd-08a893d2-b677-4e91-bf65-40dafefcd33f,sismicité paca
"Sismicité en Provence Alpes Côte d'Azur",https://trouver.datasud.fr/dataset/syncc6f8cb9-fr-120066022-jdd-08a893d2-b677-4e91-bf65-40dafefcd33f,géorisque
"Sismicité en Provence Alpes Côte d'Azur",https://trouver.datasud.fr/dataset/syncc6f8cb9-fr-120066022-jdd-08a893d2-b677-4e91-bf65-40dafefcd33f,plan séisme
"Sismicité en Provence Alpes Côte d'Azur",https://trouver.datasud.fr/dataset/syncc6f8cb9-fr-120066022-jdd-08a893d2-b677-4e91-bf65-40dafefcd33f,séismes en paca
"Sismicité en Provence Alpes Côte d'Azur",https://trouver.datasud.fr/dataset/syncc6f8cb9-fr-120066022-jdd-08a893d2-b677-4e91-bf65-40dafefcd33f,risques d'effondrement de terrain
"Sismicité en Provence Alpes Côte d'Azur",https://trouver.datasud.fr/dataset/syncc6f8cb9-fr-120066022-jdd-08a893d2-b677-4e91-bf65-40dafefcd33f,risques de séisme
"Sismicité en Provence Alpes Côte d'Azur",https://trouver.datasud.fr/dataset/syncc6f8cb9-fr-120066022-jdd-08a893d2-b677-4e91-bf65-40dafefcd33f,risque géologique
"Espaces Naturels Sensibles (ENS) en Provence-Alpes-Côte-d'Azur",https://trouver.datasud.fr/dataset/espaces-naturels-sensibles-ens-en-provence-alpes-cote-dazur,espaces naturels fragiles
"Espaces Naturels Sensibles (ENS) en Provence-Alpes-Côte-d'Azur",https://trouver.datasud.fr/dataset/espaces-naturels-sensibles-ens-en-provence-alpes-cote-dazur,zones naturelles protégées
"Espaces Naturels Sensibles (ENS) en Provence-Alpes-Côte-d'Azur",https://trouver.datasud.fr/dataset/espaces-naturels-sensibles-ens-en-provence-alpes-cote-dazur,périmètres sensibles
"Espaces Naturels Sensibles (ENS) en Provence-Alpes-Côte-d'Azur",https://trouver.datasud.fr/dataset/espaces-naturels-sensibles-ens-en-provence-alpes-cote-dazur,sensibilité écologique
"Espaces Naturels Sensibles (ENS) en Provence-Alpes-Côte-d'Azur",https://trouver.datasud.fr/dataset/espaces-naturels-sensibles-ens-en-provence-alpes-cote-dazur,espaces naturels à protéger
"Espaces Naturels Sensibles (ENS) en Provence-Alpes-Côte-d'Azur",https://trouver.datasud.fr/dataset/espaces-naturels-sensibles-ens-en-provence-alpes-cote-dazur,zones humides sensibles
"Espaces Naturels Sensibles (ENS) en Provence-Alpes-Côte-d'Azur",https://trouver.datasud.fr/dataset/espaces-naturels-sensibles-ens-en-provence-alpes-cote-dazur,protection de la nature
"Espaces Naturels Sensibles (ENS) en Provence-Alpes-Côte-d'Azur",https://trouver.datasud.fr/dataset/espaces-naturels-sensibles-ens-en-provence-alpes-cote-dazur,habitats naturels menacés
"Espaces Naturels Sensibles (ENS) en Provence-Alpes-Côte-d'Azur",https://trouver.datasud.fr/dataset/espaces-naturels-sensibles-ens-en-provence-alpes-cote-dazur,réserves de biodiversité
"Espaces Naturels Sensibles (ENS) en Provence-Alpes-Côte-d'Azur",https://trouver.datasud.fr/dataset/espaces-naturels-sensibles-ens-en-provence-alpes-cote-dazur,protection de la faune et de la flore
"Espaces Naturels Sensibles (ENS) en Provence-Alpes-Côte-d'Azur",https://trouver.datasud.fr/dataset/espaces-naturels-sensibles-ens-en-provence-alpes-cote-dazur,protection des paysages
"Communes soumises à la loi Solidarité et Renouvellement Urbain (SRU) en Provence Alpes Côte d'Azur",https://trouver.datasud.fr/dataset/synce4d9843-fr-120066022-jdd-fe76cc31-2587-4b1c-a2aa-58b367572d39,loi SRU
"Communes soumises à la loi Solidarité et Renouvellement Urbain (SRU) en Provence Alpes Côte d'Azur",https://trouver.datasud.fr/dataset/synce4d9843-fr-120066022-jdd-fe76cc31-2587-4b1c-a2aa-58b367572d39,obligation HLM
"Communes soumises à la loi Solidarité et Renouvellement Urbain (SRU) en Provence Alpes Côte d'Azur",https://trouver.datasud.fr/dataset/synce4d9843-fr-120066022-jdd-fe76cc31-2587-4b1c-a2aa-58b367572d39,construction logements sociaux
"Communes soumises à la loi Solidarité et Renouvellement Urbain (SRU) en Provence Alpes Côte d'Azur",https://trouver.datasud.fr/dataset/synce4d9843-fr-120066022-jdd-fe76cc31-2587-4b1c-a2aa-58b367572d39,logements sociaux
"Communes soumises à la loi Solidarité et Renouvellement Urbain (SRU) en Provence Alpes Côte d'Azur",https://trouver.datasud.fr/dataset/synce4d9843-fr-120066022-jdd-fe76cc31-2587-4b1c-a2aa-58b367572d39,logement social
"Communes soumises à la loi Solidarité et Renouvellement Urbain (SRU) en Provence Alpes Côte d'Azur",https://trouver.datasud.fr/dataset/synce4d9843-fr-120066022-jdd-fe76cc31-2587-4b1c-a2aa-58b367572d39,lutte contre le mal logement
"Communes soumises à la loi Solidarité et Renouvellement Urbain (SRU) en Provence Alpes Côte d'Azur",https://trouver.datasud.fr/dataset/synce4d9843-fr-120066022-jdd-fe76cc31-2587-4b1c-a2aa-58b367572d39,habitat social
"Communes soumises à la loi Solidarité et Renouvellement Urbain (SRU) en Provence Alpes Côte d'Azur",https://trouver.datasud.fr/dataset/synce4d9843-fr-120066022-jdd-fe76cc31-2587-4b1c-a2aa-58b367572d39,pénurie logements sociaux
"Communes soumises à la loi Solidarité et Renouvellement Urbain (SRU) en Provence Alpes Côte d'Azur",https://trouver.datasud.fr/dataset/synce4d9843-fr-120066022-jdd-fe76cc31-2587-4b1c-a2aa-58b367572d39,inégalités logement
"Communes soumises à la loi Solidarité et Renouvellement Urbain (SRU) en Provence Alpes Côte d'Azur",https://trouver.datasud.fr/dataset/synce4d9843-fr-120066022-jdd-fe76cc31-2587-4b1c-a2aa-58b367572d39,accès au logement social
